good_id,good,first_course,main_course,drink,bakery,dessert,snacks,salad,meat&fish
0.0,Баклажаны гриль/с.йогуртовый 150/20гр,0.0,1.0,0.0,0.0,0.0,0.0,0,0.0
1.0,Капуста с овощами 150гр,0.0,1.0,0.0,0.0,0.0,0.0,0,0.0
2.0,Напиток из ягод с/м 200гр,0.0,0.0,1.0,0.0,0.0,0.0,0,0.0
3.0,Хлеб 1 кусочек,0.0,0.0,0.0,0.0,0.0,1.0,0,0.0
4.0,Ланч бокс маленький 1шт,0.0,1.0,1.0,0.0,0.0,0.0,0,1.0
5.0,Гречка отварная 150гр,0.0,1.0,0.0,0.0,0.0,0.0,0,0.0
6.0,Суп гороховый/постный 250гр,1.0,0.0,0.0,0.0,0.0,0.0,0,0.0
7.0,Винегрет Петровский 120гр,0.0,0.0,0.0,0.0,0.0,0.0,1,0.0
8.0,Салат бар 1кг,0.0,0.0,0.0,0.0,0.0,0.0,1,0.0
9.0,Брокколи/морковь/гриле 150гр,0.0,1.0,0.0,0.0,0.0,0.0,0,0.0
10.0,Суп-пюре томатный/сыр 250гр,1.0,0.0,0.0,0.0,0.0,0.0,0,0.0
11.0,Свинина/помидор/перец 75/75гр,0.0,0.0,0.0,0.0,0.0,0.0,0,1.0
12.0,Грибовница со взбитыми яйцами 250гр,1.0,0.0,0.0,0.0,0.0,0.0,0,0.0
13.0,Булочка с сыром 60гр,0.0,0.0,0.0,1.0,0.0,0.0,0,0.0
14.0,Напиток из разных фруктов 200гр,0.0,0.0,1.0,0.0,0.0,0.0,0,0.0
15.0,Лазанья грибная 200гр,0.0,1.0,0.0,0.0,0.0,0.0,0,0.0
16.0,Пирожок Слойка/мясо,0.0,0.0,0.0,1.0,0.0,0.0,0,0.0
17.0,Морковь по-тайски 120гр,0.0,0.0,0.0,0.0,0.0,0.0,1,0.0
18.0,Напиток Яблоневый сад 200гр,0.0,0.0,1.0,0.0,0.0,0.0,0,0.0
19.0,Картофельное пюре 150гр,0.0,1.0,0.0,0.0,0.0,0.0,0,0.0
20.0,Говядина с ананас/перец 75/75гр,0.0,0.0,0.0,0.0,0.0,0.0,0,1.0
21.0,Запеканка картоф/мясо 200гр,0.0,1.0,0.0,0.0,0.0,0.0,0,1.0
22.0,С-т из кур/картоф/перец/майонез 120гр,0.0,0.0,0.0,0.0,0.0,0.0,1,0.0
23.0,Морс Таежный 200гр,0.0,0.0,1.0,0.0,0.0,0.0,0,0.0
24.0,Компот из св.груш/ягоды с/м 200гр,0.0,0.0,1.0,0.0,0.0,0.0,0,0.0
25.0,Суп из индейки/кр.чечевица 250гр,1.0,0.0,0.0,0.0,0.0,0.0,0,0.0
26.0,Язык отварной 75гр,0.0,0.0,0.0,0.0,0.0,0.0,0,1.0
27.0,Солянка рыбная 250гр,1.0,0.0,0.0,0.0,0.0,0.0,0,0.0
28.0,С-т Оливье по-Старорусски/майонез 120гр,0.0,0.0,0.0,0.0,0.0,0.0,1,0.0
29.0,Картофель с розмарином 150гр,0.0,1.0,0.0,0.0,0.0,0.0,0,0.0
30.0,Язык отварной/болг.перец 75/20гр,0.0,0.0,0.0,0.0,0.0,0.0,0,1.0
31.0,Биточки мясные паровые 100гр,0.0,0.0,0.0,0.0,0.0,0.0,0,1.0
32.0,Пенне с.сливочный/брокколи/бекон 250г,0.0,1.0,0.0,0.0,0.0,0.0,0,0.0
33.0,Капуста цветная/с.сливочный/сыр 200гр,0.0,1.0,0.0,0.0,0.0,0.0,0,0.0
34.0,Кур.филе в горчице/тимьян 80/20гр,0.0,0.0,0.0,0.0,0.0,0.0,0,1.0
35.0,Винегрет овощной 120гр,0.0,0.0,0.0,0.0,0.0,0.0,1,0.0
36.0,С-т из краб.пал/огур/кукур/майонез 120гр,0.0,0.0,0.0,0.0,0.0,0.0,1,0.0
37.0,Лазанья мясная 200гр,0.0,0.0,0.0,0.0,0.0,0.0,0,1.0
38.0,Суп гороховый/копчености/рулька 250гр,1.0,0.0,0.0,0.0,0.0,0.0,0,0.0
39.0,Суп-пюре из шампиньонов 250гр,1.0,0.0,0.0,0.0,0.0,0.0,0,0.0
40.0,Котлеты Полтавские 100гр,0.0,0.0,0.0,0.0,0.0,0.0,0,1.0
41.0,Суп вермишелевый/кур 250гр,1.0,0.0,0.0,0.0,0.0,0.0,0,0.0
42.0,Компот из сухофруктов 200гр,0.0,0.0,1.0,0.0,0.0,0.0,0,0.0
43.0,Макароны 150гр,0.0,1.0,0.0,0.0,0.0,0.0,0,0.0
44.0,Биточки мясные/с.Неаполитано 100/40гр,0.0,0.0,0.0,0.0,0.0,0.0,0,1.0
45.0,Витки ветчиные 120гр,0.0,0.0,0.0,0.0,0.0,0.0,0,1.0
46.0,Картофель отварной 150гр,0.0,1.0,0.0,0.0,0.0,0.0,0,0.0
47.0,Бургер из цыпленка/грибы 120/30,0.0,1.0,0.0,0.0,0.0,0.0,0,1.0
48.0,Борщ Московский/мясо 250гр,1.0,0.0,0.0,0.0,0.0,0.0,0,0.0
49.0,Компот из ананасов/ягод 200гр,0.0,0.0,1.0,0.0,0.0,0.0,0,0.0
50.0,Напиток Каркаде 200гр,0.0,0.0,1.0,0.0,0.0,0.0,0,0.0
51.0,Жаркое с грибами 200гр.,1.0,1.0,0.0,0.0,0.0,0.0,0,1.0
52.0,Суп Деревенский/пшено 250гр,1.0,0.0,0.0,0.0,0.0,0.0,0,0.0
53.0,Яйца перепелиные/овощная икра 120гр,0.0,0.0,0.0,0.0,0.0,1.0,0,0.0
54.0,Утиное филе/с.ягодный 100/20гр,0.0,0.0,0.0,0.0,0.0,0.0,0,1.0
55.0,Суп перловый/грибы 250гр,1.0,0.0,0.0,0.0,0.0,0.0,0,0.0
56.0,Рисовая лапша/овощи/кунжут 200гр,0.0,1.0,0.0,0.0,0.0,0.0,0,0.0
57.0,Солянка мясная/копчености/рулька 250гр,1.0,0.0,0.0,0.0,0.0,0.0,0,0.0
58.0,С-т из огур/помидор/редис/масло 120гр,0.0,0.0,0.0,0.0,0.0,0.0,1,0.0
59.0,Свинина по-французски 80/20гр,0.0,0.0,0.0,0.0,0.0,0.0,0,1.0
60.0,Суп Ароматный/тыква 250гр,1.0,0.0,0.0,0.0,0.0,0.0,0,0.0
61.0,Говядина с рисовой лапшой 200гр,0.0,1.0,0.0,0.0,0.0,0.0,0,1.0
62.0,Борщ из кваш.кап/постный 250гр,1.0,0.0,0.0,0.0,0.0,0.0,0,0.0
63.0,Картофель Черри в мундире 150гр,0.0,1.0,0.0,0.0,0.0,0.0,0,0.0
64.0,Рыба запеч/травы/пергамент 80гр,0.0,0.0,0.0,0.0,0.0,0.0,0,1.0
65.0,Компот из св.груш 200гр,0.0,0.0,1.0,0.0,0.0,0.0,0,0.0
66.0,Суп Минестроне/овощной 250гр,1.0,0.0,0.0,0.0,0.0,0.0,0,0.0
67.0,Рыба жар/лимонной корочке/с.сальса 130гр,0.0,0.0,0.0,0.0,0.0,0.0,0,1.0
68.0,Картофель запеченый 150гр,0.0,1.0,0.0,0.0,0.0,0.0,0,0.0
69.0,Щи зеленые/постные 250гр,1.0,0.0,0.0,0.0,0.0,0.0,0,0.0
70.0,Харчо из говядины 250гр,1.0,0.0,0.0,0.0,0.0,0.0,0,0.0
71.0,Суп по-азиатски/куриный 250гр,1.0,0.0,0.0,0.0,0.0,0.0,0,0.0
72.0,Сердечки куриные/томат/кинза 75/50гр,0.0,0.0,0.0,0.0,0.0,0.0,0,1.0
73.0,Оладьи из печени/грибы/сметана 100/20,0.0,1.0,0.0,0.0,0.0,0.0,0,1.0
74.0,Рис с овощами 150гр,0.0,1.0,0.0,0.0,0.0,0.0,0,0.0
75.0,Рассольник Ленинградский/кур 250гр,1.0,0.0,0.0,0.0,0.0,0.0,0,0.0
76.0,Картофель жареный 150гр,0.0,1.0,0.0,0.0,0.0,0.0,0,0.0
77.0,Зразы рыбные/сыр 100гр,0.0,0.0,0.0,0.0,0.0,0.0,0,1.0
78.0,С-т из огур/помидор/масло 120гр,0.0,0.0,0.0,0.0,0.0,0.0,1,0.0
79.0,Капуста туш/пряности 150гр,0.0,1.0,0.0,0.0,0.0,0.0,0,0.0
80.0,Печень жареная/с.Терияки 100гр,0.0,0.0,0.0,0.0,0.0,0.0,0,1.0
81.0,С-т из огур/перец/масло 120гр,0.0,0.0,0.0,0.0,0.0,0.0,1,0.0
82.0,Картофель паприкаш 150гр,0.0,1.0,0.0,0.0,0.0,0.0,0,0.0
83.0,С-т Цезарь/курица 120гр,0.0,0.0,0.0,0.0,0.0,0.0,1,0.0
84.0,Напиток из шиповника 200гр,0.0,0.0,1.0,0.0,0.0,0.0,0,0.0
85.0,Пирожок Сосиска в тесте,0.0,0.0,0.0,1.0,0.0,0.0,0,0.0
86.0,Картофель по-деревенски 150гр,0.0,1.0,0.0,0.0,0.0,0.0,0,0.0
87.0,Свиная отбивная 80/20гр,0.0,0.0,0.0,0.0,0.0,0.0,0,1.0
88.0,Пирог Осетинский/мясо 1кусок,0.0,1.0,0.0,1.0,0.0,0.0,0,1.0
89.0,Котлета куриная б/п 100гр,0.0,0.0,0.0,0.0,0.0,0.0,0,1.0
90.0,Щи из кваш.кап/картофель 250гр,1.0,0.0,0.0,0.0,0.0,0.0,0,0.0
91.0,Суп Лигурийский побережный/рыб 250гр,1.0,0.0,0.0,0.0,0.0,0.0,0,0.0
92.0,Лопатка свиная/горчица 80гр,0.0,0.0,0.0,0.0,0.0,0.0,0,1.0
93.0,Котлета Домашняя 100гр,0.0,0.0,0.0,0.0,0.0,0.0,0,1.0
94.0,Колбаски Мюнхенские/с.медово-горч 110/20,0.0,0.0,0.0,0.0,0.0,0.0,0,1.0
95.0,Суп-гуляш с говядиной 250гр,1.0,0.0,0.0,0.0,0.0,0.0,0,0.0
96.0,Холодец из индейки 120гр,0.0,0.0,0.0,0.0,0.0,0.0,0,1.0
97.0,Кур.ножка Тандури 125гр,0.0,0.0,0.0,0.0,0.0,0.0,0,1.0
98.0,Рыба заливная с яйцом 120гр,0.0,0.0,0.0,0.0,0.0,0.0,0,1.0
99.0,Макароны с паприкой 150гр,0.0,1.0,0.0,0.0,0.0,0.0,0,0.0
100.0,Рыба жар/с.медово-горчичный 90/20гр,0.0,0.0,0.0,0.0,0.0,0.0,0,1.0
101.0,С-т Мясной/майонез 120гр,0.0,0.0,0.0,0.0,0.0,0.0,1,0.0
102.0,Говядина с ананас/с.кисло-слад 75/75гр,0.0,0.0,0.0,0.0,0.0,0.0,0,1.0
103.0,Пирожок с капустой/яйцо,0.0,0.0,0.0,1.0,0.0,0.0,0,0.0
104.0,Сельдь под шубой 120гр,0.0,0.0,0.0,0.0,0.0,0.0,0,1.0
105.0,Детокс вода огур/лимон/баз 200 гр,0.0,0.0,1.0,0.0,0.0,0.0,0,0.0
106.0,Лазанья из птицы 200гр,0.0,1.0,0.0,0.0,0.0,0.0,0,1.0
107.0,Крокеты из индейки/черносл/с.чили 120/20,0.0,0.0,0.0,0.0,0.0,0.0,0,1.0
108.0,Люля-кебаб 100/20гр,0.0,0.0,0.0,0.0,0.0,0.0,0,1.0
109.0,Медальоны свиные Терияки 100гр,0.0,0.0,0.0,0.0,0.0,0.0,0,1.0
110.0,С-т с острым цыпленком/ананас/рос 120гр,0.0,0.0,0.0,0.0,0.0,0.0,1,0.0
111.0,Пирожок с курицей,0.0,0.0,0.0,1.0,0.0,0.0,0,0.0
112.0,Овощи с/м отварные 150гр,0.0,1.0,0.0,0.0,0.0,0.0,0,0.0
113.0,С-т Карри/кур/майонез 120гр,0.0,0.0,0.0,0.0,0.0,0.0,1,0.0
114.0,Свекольник с мясом/горячий 250гр,1.0,0.0,0.0,0.0,0.0,0.0,0,0.0
115.0,Колбаски Охотничьи на гриле 115/20гр,0.0,0.0,0.0,0.0,0.0,0.0,0,1.0
116.0,Бульон из кур прозрачный/яйцо 250гр,1.0,0.0,0.0,0.0,0.0,0.0,0,0.0
117.0,С-т из буженины/с.зеленый 120гр,0.0,0.0,0.0,0.0,0.0,0.0,1,0.0
118.0,Рис отварной 150гр,0.0,1.0,0.0,0.0,0.0,0.0,0,0.0
119.0,Капуста цветная Гратен 200гр,0.0,1.0,0.0,0.0,0.0,0.0,0,0.0
120.0,Суп-пюре из брокколи 250гр,1.0,0.0,0.0,0.0,0.0,0.0,0,0.0
121.0,Рыба отв/овощи на пару 80/20гр,0.0,0.0,0.0,0.0,0.0,0.0,0,1.0
122.0,Кейк из трески/с.коктейль 120/30гр,0.0,0.0,0.0,0.0,0.0,0.0,0,1.0
123.0,С-т из огур/помидор/морк/масло 120гр,0.0,0.0,0.0,0.0,0.0,0.0,1,0.0
124.0,С-т из огур/помидор/перец/масло 120гр,0.0,0.0,0.0,0.0,0.0,0.0,1,0.0
125.0,Помидоры Провансаль 200гр,0.0,1.0,0.0,0.0,0.0,0.0,0,0.0
126.0,Рассольник по-старорусски/овощи 250гр,1.0,0.0,0.0,0.0,0.0,0.0,0,0.0
127.0,Компот из винограда/мяты 200гр,0.0,0.0,1.0,0.0,0.0,0.0,0,0.0
128.0,Бефстроганов из говядины 75/50гр,0.0,0.0,0.0,0.0,0.0,0.0,0,1.0
129.0,С-т из перца/брынзы/масла 120гр,0.0,0.0,0.0,0.0,0.0,0.0,1,0.0
130.0,Цыпленок/овощи/с.терияки 100/40гр,0.0,0.0,0.0,0.0,0.0,0.0,0,1.0
131.0,Студень мясной 120гр,0.0,0.0,0.0,0.0,0.0,0.0,0,1.0
132.0,Котлета Московская 100гр,0.0,0.0,0.0,0.0,0.0,0.0,0,1.0
133.0,С-т Оливье/колбаса/майонез 120гр,0.0,0.0,0.0,0.0,0.0,0.0,1,0.0
134.0,Кур.филе отварное/овощи 100гр,0.0,0.0,0.0,0.0,0.0,0.0,0,1.0
135.0,Рулет из курицы/сыр 120гр,0.0,0.0,0.0,0.0,0.0,0.0,0,1.0
136.0,С-т из кур.карри/сельдерей/гр.орех 120гр,0.0,0.0,0.0,0.0,0.0,0.0,1,0.0
137.0,Стейк из свиной шеи/Гремолата 80/20гр,0.0,0.0,0.0,0.0,0.0,0.0,0,1.0
138.0,С-т из кур/сельдер/гренки/с.цезарь 120гр,0.0,0.0,0.0,0.0,0.0,0.0,1,0.0
139.0,Медальоны свиные Барбекю 100гр,0.0,0.0,0.0,0.0,0.0,0.0,0,1.0
140.0,Пирожок с картоф/бекон,0.0,0.0,0.0,1.0,0.0,0.0,0,0.0
141.0,Суп-пюре из курицы 250гр,1.0,0.0,0.0,0.0,0.0,0.0,0,0.0
142.0,Овощи гриль/з.йогуртовая 150/20гр,0.0,1.0,0.0,0.0,0.0,0.0,0,0.0
143.0,Карпаччо из сала/картоф/грибы 120гр,0.0,0.0,0.0,0.0,0.0,1.0,0,0.0
144.0,Шницель куриный/натуральный 100гр,0.0,0.0,0.0,0.0,0.0,0.0,0,1.0
145.0,Суп-пюре из овощей с/м 250гр,1.0,0.0,0.0,0.0,0.0,0.0,0,0.0
146.0,С-т с хурмой/помидор/брынза 120гр,0.0,0.0,0.0,0.0,0.0,0.0,1,0.0
147.0,С-т Морской коктейль/овощи 120гр,0.0,0.0,0.0,0.0,0.0,0.0,1,0.0
148.0,Пирожок с ветч/сыр 60гр,0.0,0.0,0.0,1.0,0.0,0.0,0,0.0
149.0,Айлазан из свежих овощей 200гр,0.0,1.0,0.0,0.0,0.0,0.0,0,0.0
150.0,Печень запеч/сметана 100/20,0.0,0.0,0.0,0.0,0.0,0.0,0,1.0
151.0,Пирожок с мясом,0.0,0.0,0.0,1.0,0.0,0.0,0,0.0
152.0,Фасоль стручк/овощи/с.томатный 150гр,0.0,1.0,0.0,0.0,0.0,0.0,0,0.0
153.0,С-т из б/к/укроп 120гр,0.0,0.0,0.0,0.0,0.0,0.0,1,0.0
154.0,С-т Витаминный/масло 120гр,0.0,0.0,0.0,0.0,0.0,0.0,1,0.0
155.0,С-т Слоеный/краб.пал 120гр,0.0,0.0,0.0,0.0,0.0,0.0,1,0.0
156.0,Эскалоп из свинины/лук фри 80/20гр,0.0,0.0,0.0,0.0,0.0,0.0,0,1.0
157.0,Суп-пюре из тыквы 250гр,1.0,0.0,0.0,0.0,0.0,0.0,0,0.0
158.0,С-т из б/к/морковь/заправка 120гр,0.0,0.0,0.0,0.0,0.0,0.0,1,0.0
159.0,Рыба запеч/жульен овощной 80/20гр,0.0,0.0,0.0,0.0,0.0,0.0,0,1.0
160.0,С-т из сельди/грибы/перец/икра 120гр,0.0,0.0,0.0,0.0,0.0,0.0,1,0.0
161.0,Капуста цветная/брокколи/с.терияки 150гр,0.0,1.0,0.0,0.0,0.0,0.0,0,0.0
162.0,Рулет куриный/овощи на пару 100гр,0.0,0.0,0.0,0.0,0.0,0.0,0,1.0
163.0,Рулетики рыбные/овощи 100/40гр,0.0,0.0,0.0,0.0,0.0,0.0,0,1.0
164.0,Пирожок Слойка/курица,0.0,0.0,0.0,1.0,0.0,0.0,0,0.0
165.0,С-т коктейль/кальмары/майонез 120гр,0.0,0.0,0.0,0.0,0.0,0.0,1,0.0
166.0,Овощи по-карпатски 150гр,0.0,1.0,0.0,0.0,0.0,0.0,0,0.0
167.0,Пирожок с картоф/грибы,0.0,0.0,0.0,1.0,0.0,0.0,0,0.0
168.0,Шницель свиной рубленый 100гр,0.0,0.0,0.0,0.0,0.0,0.0,0,1.0
169.0,Баклажаны с овощами 200гр,0.0,1.0,0.0,0.0,0.0,0.0,0,0.0
170.0,Суп-пюре сырный/по-гетеборгски/бр 250гр,1.0,0.0,0.0,0.0,0.0,0.0,0,0.0
171.0,Террин из овощей/микс грибов 120гр,0.0,1.0,0.0,0.0,0.0,0.0,0,0.0
172.0,Бифштекс рубл.с яйцом 100/40гр,0.0,0.0,0.0,0.0,0.0,0.0,0,1.0
173.0,Щи Боярские/мясо 250гр,1.0,0.0,0.0,0.0,0.0,0.0,0,0.0
174.0,С-т из запеченых овощей/Тофу 120гр,0.0,0.0,0.0,0.0,0.0,0.0,1,0.0
175.0,С-т из помидор/огурец/базилик 120гр,0.0,0.0,0.0,0.0,0.0,0.0,1,0.0
176.0,Сотэ из баклажан 200гр,0.0,1.0,0.0,0.0,0.0,0.0,0,0.0
177.0,Террин из свеклы 120гр,0.0,1.0,0.0,0.0,0.0,0.0,0,0.0
178.0,Тыква с медом 150гр,0.0,0.0,0.0,0.0,1.0,0.0,0,0.0
179.0,Рыба жар/под маринадом 80/40гр,0.0,0.0,0.0,0.0,0.0,0.0,0,1.0
180.0,Рататуй с яблоками 200гр,0.0,1.0,0.0,0.0,0.0,0.0,0,0.0
181.0,Индейка/грибы/сыр 80/20гр,0.0,0.0,0.0,0.0,0.0,0.0,0,1.0
182.0,Морковь/груша/сметана 120гр,0.0,0.0,0.0,0.0,1.0,0.0,1,0.0
183.0,Пирожок с рисом/яйцо,0.0,0.0,0.0,1.0,0.0,0.0,0,0.0
184.0,Тосты с грибной икрой 120гр,0.0,0.0,0.0,0.0,0.0,1.0,0,0.0
185.0,Говядина туш/черная фасоль 75/75гр,0.0,0.0,0.0,0.0,0.0,0.0,0,1.0
186.0,Суп вегетарианский 250гр,1.0,0.0,0.0,0.0,0.0,0.0,0,0.0
187.0,Суп-пюре из цв.кап 250гр,1.0,0.0,0.0,0.0,0.0,0.0,0,0.0
188.0,Говядина с соусом Ингвар 80/30гр,0.0,0.0,0.0,0.0,0.0,0.0,0,1.0
189.0,С-т из жар.груши/айсберг/фета 120гр,0.0,0.0,0.0,0.0,0.0,0.0,1,0.0
190.0,Свинина/с.кисло-сладкий 75/75гр,0.0,0.0,0.0,0.0,0.0,0.0,0,1.0
191.0,Суп-пюре сырный 250гр,1.0,0.0,0.0,0.0,0.0,0.0,0,0.0
192.0,Индейка/с.кокосовый 80/40гр,0.0,0.0,0.0,0.0,0.0,0.0,0,1.0
193.0,С-т Киноа/морковь/перец 120гр,0.0,0.0,0.0,0.0,0.0,0.0,1,0.0
194.0,Пудинг из шпината с сыром 200гр,0.0,1.0,0.0,0.0,0.0,0.0,0,0.0
195.0,Лазанья овощная 200гр,0.0,1.0,0.0,0.0,0.0,0.0,0,0.0
196.0,Рулетики из индейки/шпинат 120гр,0.0,0.0,0.0,0.0,0.0,0.0,0,1.0
197.0,Пирожок с зел.лук/яйцо,0.0,0.0,0.0,1.0,0.0,0.0,0,0.0
198.0,Говядина Мексика 75/75гр,0.0,0.0,0.0,0.0,0.0,0.0,0,1.0
199.0,Котлета из индейки на пару 100/10гр,0.0,0.0,0.0,0.0,0.0,0.0,0,1.0
200.0,С-т из картоф.черри/овощи/з.из брынз120,0.0,0.0,0.0,0.0,0.0,0.0,1,0.0
201.0,Кур.филе/с.кисло-сладкий 75/75гр,0.0,0.0,0.0,0.0,0.0,0.0,0,1.0
202.0,Рыба жар/з.имбирная 80/20гр,0.0,0.0,0.0,0.0,0.0,0.0,0,1.0
203.0,Помидоры запеч/укроп 200гр,0.0,1.0,0.0,0.0,0.0,0.0,0,0.0
204.0,Котлета куриная/зеленое масло 120гр,0.0,0.0,0.0,0.0,0.0,0.0,0,1.0
205.0,С-т из б/к марин/перец/аром.масло 120гр,0.0,0.0,0.0,0.0,0.0,0.0,1,0.0
206.0,Тар-тар из кальмаров 120гр,0.0,0.0,0.0,0.0,0.0,1.0,0,1.0
207.0,С-т из огур/помидор/айсберк/з.дом 120гр,0.0,0.0,0.0,0.0,0.0,0.0,1,0.0
208.0,Рыба жар/с.тар-тар 80/20гр,0.0,0.0,0.0,0.0,0.0,0.0,0,1.0
209.0,Пирожок Слойка/сыром,0.0,0.0,0.0,1.0,0.0,0.0,0,0.0
210.0,С-т Ницца/тунец 120гр,0.0,0.0,0.0,0.0,0.0,0.0,1,0.0
211.0,Куриная Бабка 120гр,0.0,0.0,0.0,0.0,0.0,0.0,0,1.0
212.0,С-т из горбуши/карт/яйцо/майонез 120гр,0.0,0.0,0.0,0.0,0.0,0.0,1,0.0
213.0,С-т из дайкон/квашен.кап/морк/масло 120г,0.0,0.0,0.0,0.0,0.0,0.0,1,0.0
214.0,Морковь/сыр/майонез 120гр,0.0,0.0,0.0,0.0,0.0,0.0,1,0.0
215.0,Суп фасолевый/помидор 250гр,1.0,0.0,0.0,0.0,0.0,0.0,0,0.0
216.0,Напиток яблочно-клюквенный 200гр,0.0,0.0,1.0,0.0,0.0,0.0,0,0.0
217.0,С-т Слоеный/рыбный 120гр,0.0,0.0,0.0,0.0,0.0,0.0,1,0.0
218.0,Кур.филе/тыквенный конфитюр 140/20гр,0.0,0.0,0.0,0.0,0.0,0.0,0,1.0
219.0,С-т Греческий/заправка 120гр,0.0,0.0,0.0,0.0,0.0,0.0,1,0.0
220.0,С-т в китайском стиле/курица 120гр,0.0,0.0,0.0,0.0,0.0,0.0,1,0.0
221.0,Рыба отв/с.из петрушки 80/20гр,0.0,0.0,0.0,0.0,0.0,0.0,0,1.0
222.0,Сосиска Венская 1шт/Мик,0.0,0.0,0.0,0.0,0.0,0.0,0,1.0
223.0,С-т из огур/редис/масла 120гр,0.0,0.0,0.0,0.0,0.0,0.0,1,0.0
224.0,С-т Чука/с.ореховый 120гр,0.0,0.0,0.0,0.0,0.0,0.0,1,0.0
225.0,Свинина/с.тар-тар 80/20гр,0.0,0.0,0.0,0.0,0.0,0.0,"



",1.0
226.0,С-т Чука/горбуша 120гр,0.0,0.0,0.0,0.0,0.0,0.0,0,1.0
227.0,Пирог Осетинский/сыр 1кусок,0.0,1.0,0.0,1.0,0.0,0.0,0,0.0
228.0,Хашбрауны 2шт/100гр,0.0,1.0,0.0,0.0,0.0,0.0,0,0.0
229.0,Свекла запеч/брусника 120гр,0.0,1.0,0.0,0.0,0.0,0.0,0,0.0
230.0,Баклажаны/кабачки/с.йогурт/мята 120гр,0.0,1.0,0.0,0.0,0.0,0.0,0,0.0
231.0,С-т из к/к с огурцами 120гр,0.0,0.0,0.0,0.0,0.0,0.0,1,0.0
232.0,С-т Панцанелла/овощной 120гр,0.0,0.0,0.0,0.0,0.0,0.0,1,0.0
233.0,Рис с шафраном 150гр,0.0,1.0,0.0,0.0,0.0,0.0,0,0.0
234.0,С-т из помидор/авокадо/ветч/запр 120гр,0.0,0.0,0.0,0.0,0.0,0.0,1,0.0
235.0,С-т из кур/салат/перец/с.горчичный 120гр,0.0,0.0,0.0,0.0,0.0,0.0,1,0.0
236.0,Биточки куриные паровые 100гр,0.0,0.0,0.0,0.0,0.0,0.0,0,1.0
237.0,С-т картофельный/сельдь/с.апельс 120гр,0.0,0.0,0.0,0.0,0.0,0.0,1,0.0
238.0,Пирожок с грибами,0.0,0.0,0.0,1.0,0.0,0.0,0,0.0
239.0,С-т из редиса/яйцо/майонез 120гр,0.0,0.0,0.0,0.0,0.0,0.0,1,0.0
240.0,Холодец по-домашнему 120гр,0.0,1.0,0.0,0.0,0.0,0.0,0,1.0
241.0,С-т Тайский/рис.бумага/терияки 120гр,0.0,0.0,0.0,0.0,0.0,0.0,1,0.0
242.0,Суп-пюре из лука порей 250гр,1.0,0.0,0.0,0.0,0.0,0.0,0,0.0
243.0,С-т Шармэль/морковь/апельсин/йог 120гр,0.0,0.0,0.0,0.0,0.0,0.0,1,0.0
244.0,С-т из индейки/жульен овощной 120гр,0.0,0.0,0.0,0.0,0.0,0.0,1,0.0
245.0,Аджан андали/пост 200гр,0.0,1.0,0.0,0.0,0.0,0.0,0,0.0
246.0,Кукурузное рагу 150гр,0.0,1.0,0.0,0.0,0.0,0.0,0,0.0
247.0,Пирожок Слойка/капуста,0.0,0.0,0.0,1.0,0.0,0.0,0,0.0
248.0,Щи по-купечески/овощи 250гр,1.0,0.0,0.0,0.0,1.0,0.0,0,0.0
249.0,С-т из помидор/ог/маслин/брынзы/ма 120гр,0.0,0.0,0.0,0.0,0.0,0.0,1,0.0
250.0,Кабачки гриль/с.йогуртовый 150/20гр,0.0,1.0,0.0,0.0,0.0,0.0,0,0.0
251.0,Кур.филе фарш.зеленью 120гр,0.0,0.0,0.0,0.0,0.0,0.0,0,1.0
252.0,Фасоль стручк/миндаль 150гр,0.0,1.0,0.0,0.0,0.0,0.0,0,0.0
253.0,С-т романо/базилик/мандарин/заправ 120гр,0.0,0.0,0.0,0.0,0.0,0.0,1,0.0
254.0,С-т из баклажан/тунца 120гр,0.0,0.0,0.0,0.0,0.0,0.0,1,0.0
255.0,С-т Баварский/красн.капуста 120гр,0.0,0.0,0.0,0.0,0.0,0.0,1,0.0
256.0,С-т айсберг/хурма/перепелиное яйцо 120гр,0.0,0.0,0.0,0.0,0.0,0.0,1,0.0
257.0,Говядина по-сельски 80гр,0.0,0.0,0.0,0.0,0.0,0.0,0,1.0
258.0,Пирог Осетинский/капустой 1кусок,0.0,1.0,0.0,1.0,0.0,0.0,0,0.0
259.0,Булгур/томаты/кабачки 120гр,0.0,1.0,0.0,0.0,0.0,0.0,0,0.0
260.0,Индейка/вяленые томаты 80гр,0.0,0.0,0.0,0.0,0.0,0.0,0,1.0
261.0,Пирожок Слойка/картоф/грибы,0.0,0.0,0.0,1.0,0.0,0.0,0,0.0
262.0,Капуста туш/помидор 150гр,0.0,1.0,0.0,0.0,0.0,0.0,0,0.0
263.0,Кур.окорочка отварные 125гр,0.0,0.0,0.0,0.0,0.0,0.0,0,1.0
264.0,Ланч бокс большой 1шт,0.0,1.0,1.0,1.0,0.0,0.0,1,1.0
265.0,С-т из помидор/кр.лук/кинза 120гр,0.0,0.0,0.0,0.0,0.0,0.0,1,0.0
266.0,С-т из тыквы/изюм 120гр,0.0,0.0,0.0,0.0,0.0,0.0,1,0.0
267.0,С-т из помидор/редис/масло 120гр,0.0,0.0,0.0,0.0,0.0,0.0,1,0.0
268.0,С-т из дайкон/мяса 120гр,0.0,0.0,0.0,0.0,0.0,0.0,1,0.0
269.0,С-т айсберг/моцарелла/заправка 120гр,0.0,0.0,0.0,0.0,0.0,0.0,1,0.0
270.0,Индейка филе копченая 100гр,0.0,0.0,0.0,0.0,0.0,0.0,0,1.0
271.0,Пирог Осетинский/картоф/грибы 1кусок,0.0,1.0,0.0,1.0,0.0,0.0,0,0.0
272.0,С-т из белых бобов/перец/с.зеленый 120гр,0.0,0.0,0.0,0.0,0.0,0.0,1,0.0
273.0,Буженина копченая 100гр,0.0,0.0,0.0,0.0,0.0,0.0,0,1.0
274.0,Фасоль черная/фета 120гр,0.0,1.0,0.0,0.0,0.0,0.0,0,0.0
275.0,С-т микс/авокадо/нут/томаты 120гр,0.0,0.0,0.0,0.0,0.0,0.0,1,0.0
276.0,Икра из тыквы 120гр,0.0,1.0,0.0,0.0,0.0,0.0,0,0.0
277.0,Пхали из свеклы 120гр,0.0,1.0,0.0,0.0,0.0,0.0,0,0.0
278.0,С-т из кваш.капусты/мед/клюквы 120гр,0.0,0.0,0.0,0.0,0.0,0.0,1,0.0
279.0,Соль 1кг,0.0,0.0,0.0,0.0,0.0,0.0,0,0.0
280.0,С-т из тунца/з.пряная 120гр,0.0,0.0,0.0,0.0,0.0,0.0,1,0.0
281.0,Тефтели Ежики 100/40гр,0.0,0.0,0.0,0.0,0.0,0.0,0,1.0
282.0,Винегрет с солеными грибами 120гр,0.0,0.0,0.0,0.0,0.0,0.0,1,0.0
283.0,Борщ из кваш.кап/мясо 250гр,1.0,0.0,0.0,0.0,0.0,0.0,0,0.0
284.0,С-т Вегетарианский/масло 120гр,0.0,0.0,0.0,0.0,0.0,0.0,1,0.0
285.0,Напиток из яблок/ягод с/м/б.сах 200гр,0.0,0.0,1.0,0.0,0.0,0.0,0,0.0
286.0,Компот из сухофруктов/без сахара 200гр,0.0,0.0,1.0,0.0,0.0,0.0,0,0.0
287.0,Свекла/орехи/майонез 120гр,0.0,0.0,0.0,0.0,0.0,0.0,1,0.0
288.0,Напиток из ягод с/м/без сахара 200гр,0.0,0.0,1.0,0.0,0.0,0.0,0,0.0
289.0,Напиток из шиповника/без сахара 200гр,0.0,0.0,1.0,0.0,0.0,0.0,0,0.0
290.0,Суп-пюре из брокколи/пост 250гр,1.0,0.0,0.0,0.0,0.0,0.0,0,0.0
291.0,Солянка мясная/копчености/окорок 250гр,1.0,0.0,0.0,0.0,0.0,0.0,0,0.0
292.0,Брокколи/миндаль/чили на пару 150гр,0.0,1.0,0.0,0.0,0.0,0.0,0,0.0
293.0,С-т из баклажан/перец/кинза 120гр,0.0,0.0,0.0,0.0,0.0,0.0,1,0.0
294.0,Суп-пюре из овощей с/м/пост 250гр,1.0,0.0,0.0,0.0,0.0,0.0,0,0.0
295.0,КусКус с овощами 150гр,0.0,1.0,0.0,0.0,0.0,0.0,0,0.0
296.0,Рагу по-молдавски/пост 200гр,0.0,1.0,0.0,0.0,0.0,0.0,0,0.0
297.0,С-т Садовый 120гр,0.0,0.0,0.0,0.0,0.0,0.0,1,0.0
298.0,Суп-пюре томатный/пост 250гр,1.0,0.0,0.0,0.0,0.0,0.0,0,0.0
299.0,Суп гороховый/мясо 250гр,1.0,0.0,0.0,0.0,0.0,0.0,0,0.0
300.0,Салат бар/доп.ассортимент 1кг,0.0,0.0,0.0,0.0,0.0,0.0,1,0.0
301.0,Напиток Каркаде/без сахара 200гр,0.0,0.0,1.0,0.0,0.0,0.0,0,0.0
302.0,Свекла/зелень/масло 120гр,0.0,0.0,0.0,0.0,0.0,0.0,1,0.0
303.0,С-т Романо/ананас/переп.яйцо/запр 120 гр,0.0,0.0,0.0,0.0,0.0,0.0,1,0.0
304.0,Перловка с грибами 150гр,0.0,1.0,0.0,0.0,0.0,0.0,0,0.0
305.0,Напиток цитрусовый 200гр,0.0,0.0,1.0,0.0,0.0,0.0,0,0.0
306.0,Плов с овощами 200гр,0.0,1.0,0.0,0.0,0.0,0.0,0,0.0
307.0,С-т айсберг/редис/огур/дом.запра 120гр,0.0,0.0,0.0,0.0,0.0,0.0,1,0.0
308.0,Котлета овощная 1шт в асс,0.0,1.0,0.0,0.0,0.0,0.0,0,0.0
309.0,Кабачки туш/грибы 200гр,0.0,1.0,0.0,0.0,0.0,0.0,0,0.0
310.0,Соте из овощей 120гр,0.0,1.0,0.0,0.0,0.0,0.0,0,0.0
311.0,Картофель с кр.паприкой 150гр,0.0,1.0,0.0,0.0,0.0,0.0,0,0.0
312.0,Плов Весенний 200гр,0.0,1.0,0.0,0.0,0.0,0.0,0,1.0
313.0,С-т Пушкин с опятами 120гр,0.0,0.0,0.0,0.0,0.0,0.0,1,0.0
314.0,Лобио 120гр,0.0,1.0,0.0,0.0,0.0,0.0,0,0.0
315.0,С-т Чука/рисовая лапша 120гр,0.0,0.0,0.0,0.0,0.0,0.0,1,0.0
316.0,Котлета мясная/с.сливочн/кинза 100/20гр,0.0,0.0,0.0,0.0,0.0,0.0,0,1.0
317.0,Шницель рыбный/натуральный 100гр,0.0,0.0,0.0,0.0,0.0,0.0,0,1.0
318.0,Рагу овощное 150гр,0.0,1.0,0.0,0.0,0.0,0.0,0,0.0
319.0,Перец болгарский/овощи 200гр,0.0,1.0,0.0,0.0,0.0,0.0,0,0.0
320.0,Рулет из индейки/шпинат/с.сливоч100/20гр,0.0,0.0,0.0,0.0,0.0,0.0,0,1.0
321.0,С-т из белой фасоли/перец/масло 120гр,0.0,0.0,0.0,0.0,0.0,0.0,1,0.0
322.0,Сельдь Нисуаз 120гр,0.0,0.0,0.0,0.0,0.0,0.0,0,1.0
323.0,Жаркое из овощей 200гр,0.0,1.0,0.0,0.0,0.0,0.0,0,0.0
324.0,Говядина отварная 75гр,0.0,0.0,0.0,0.0,0.0,0.0,0,1.0
325.0,Пельмени со сметаной 200/20гр,0.0,1.0,0.0,0.0,0.0,0.0,0,1.0
326.0,С-т из свежих овощей 120гр,0.0,0.0,0.0,0.0,0.0,0.0,1,0.0
327.0,С-т из ветч/грибы/ябл/сельдерей 120гр,0.0,0.0,0.0,0.0,0.0,0.0,1,0.0
328.0,Морковь/ананас/йогурт 120гр,0.0,0.0,0.0,0.0,1.0,0.0,1,0.0
329.0,Суп овощной/Павлодарский 250гр,1.0,0.0,0.0,0.0,0.0,0.0,0,0.0
330.0,С-т из помидор/зелень/масло 120гр,0.0,0.0,0.0,0.0,0.0,0.0,1,0.0
331.0,Кабачки с кур.печенью/кунж.масло 120гр,0.0,0.0,0.0,0.0,0.0,1.0,0,1.0
332.0,Рыба по-монастырски 80/30гр,0.0,0.0,0.0,0.0,0.0,0.0,0,1.0
333.0,Кур.филе с помидор/базилик 80/40гр,0.0,0.0,0.0,0.0,0.0,0.0,0,1.0
334.0,Напиток яблочно-клюквенный/без сах 200гр,0.0,0.0,1.0,0.0,0.0,0.0,0,0.0
335.0,Рыба жар/лимон 80/20гр,0.0,0.0,0.0,0.0,0.0,0.0,0,1.0
336.0,Фасоль с томатом/кинза 150гр,0.0,1.0,0.0,0.0,0.0,0.0,0,0.0
337.0,Суп гречневый/грибы 250гр,1.0,0.0,0.0,0.0,0.0,0.0,0,0.0
338.0,С-т Оливье/курица/майонез 120гр,0.0,0.0,0.0,0.0,0.0,0.0,1,0.0
339.0,Плов из курицы 200гр,0.0,1.0,0.0,0.0,0.0,0.0,0,1.0
340.0,Кур.филе/с.тайский/овощи 130гр,0.0,0.0,0.0,0.0,0.0,0.0,0,1.0
341.0,Компот из мандарин 200гр,0.0,0.0,1.0,0.0,0.0,0.0,0,0.0
342.0,Солянка овощная 250гр,1.0,0.0,0.0,0.0,0.0,0.0,0,0.0
343.0,Перец болгарский гриль/с.йогурт 150/20гр,0.0,1.0,0.0,0.0,0.0,0.0,0,0.0
344.0,Котлета из индейки/булгур/брынза 100гр,0.0,0.0,0.0,0.0,0.0,0.0,0,1.0
345.0,Карри желтый/тыква/рис 200гр,0.0,1.0,0.0,0.0,0.0,0.0,0,0.0
346.0,С-т Оливье/морская кап/маслины 120гр,0.0,0.0,0.0,0.0,0.0,0.0,1,0.0
347.0,Мелиндзасалата 120гр,0.0,0.0,0.0,0.0,0.0,0.0,1,0.0
348.0,Бифштекс куриный 100гр,0.0,0.0,0.0,0.0,0.0,0.0,0,1.0
349.0,Рассольник Васнецовский/грибы/пост 250гр,1.0,0.0,0.0,0.0,0.0,0.0,0,0.0
350.0,Индейка филе отварная 80гр,0.0,0.0,0.0,0.0,0.0,0.0,0,1.0
351.0,Кур.филе с помидором 80/20гр,0.0,0.0,0.0,0.0,0.0,0.0,0,1.0
352.0,Тепаньяки с овощами/вешенки 200гр,0.0,1.0,0.0,0.0,0.0,0.0,0,0.0
353.0,Плов из говядины 200гр,0.0,1.0,0.0,0.0,0.0,0.0,0,1.0
354.0,Кабачки гриль 150гр,0.0,1.0,0.0,0.0,0.0,0.0,0,0.0
355.0,Кабачки жар/овощи 150гр,0.0,1.0,0.0,0.0,0.0,0.0,0,0.0
356.0,Фасоль Лима/с.сальса 150 гр,0.0,1.0,0.0,0.0,0.0,0.0,0,0.0
357.0,Бургер из свинины 120гр,0.0,0.0,0.0,0.0,0.0,1.0,0,0.0
358.0,Напиток цитрусовый/без сахара 200гр,0.0,0.0,1.0,0.0,0.0,0.0,0,0.0
359.0,Крабовый мусс/крутоны 120 гр,0.0,0.0,0.0,0.0,0.0,1.0,0,0.0
360.0,Напиток яблочно-апельсиновый б/сах 200гр,0.0,0.0,1.0,0.0,0.0,0.0,0,0.0
361.0,Гуляш из говядины 75/50гр,0.0,0.0,0.0,0.0,0.0,0.0,0,1.0
362.0,С-т айсберг/помидор/масло 120гр,0.0,0.0,0.0,0.0,0.0,0.0,1,0.0
363.0,Баклажаны с овощами/чеснок 150гр,0.0,1.0,0.0,0.0,0.0,0.0,0,0.0
364.0,Суп картофельный/грибы 250гр,1.0,0.0,0.0,0.0,0.0,0.0,0,0.0
365.0,Свинина Бризоль 80/20гр,0.0,0.0,0.0,0.0,0.0,0.0,0,1.0
366.0,Гречка с грибами 150гр,0.0,1.0,0.0,0.0,0.0,0.0,0,0.0
367.0,Гречневая лапша/цуккини/дайкон/пер 200гр,0.0,1.0,0.0,0.0,0.0,0.0,0,0.0
368.0,Поджарка из свинины 75/25гр,0.0,0.0,0.0,0.0,0.0,0.0,0,1.0
369.0,Фрикассе из кур 75/50гр,0.0,0.0,0.0,0.0,0.0,0.0,0,1.0
370.0,Свинина/помидор 80/20гр,0.0,0.0,0.0,0.0,0.0,0.0,0,1.0
371.0,С-т из кваш.капусты 120гр,0.0,0.0,0.0,0.0,0.0,0.0,1,0.0
372.0,Капуста туш/грибы 150гр,0.0,1.0,0.0,0.0,0.0,0.0,0,0.0
373.0,Щи из св.кап/помидор 250гр,1.0,0.0,0.0,0.0,0.0,0.0,0,0.0
374.0,Окунь/тимьян/пергамент/на пару 80гр,0.0,0.0,0.0,0.0,0.0,0.0,0,1.0
375.0,Суп щавелевый/мясо 250гр,1.0,0.0,0.0,0.0,0.0,0.0,0,0.0
376.0,С-т из помидор/зелень/льненое масло100гр,0.0,0.0,0.0,0.0,0.0,0.0,1,0.0
377.0,Лапша Удон/овощи 150гр,0.0,1.0,0.0,0.0,0.0,0.0,0,0.0
378.0,Кур.окорочка/б/кож/семена льна/пар125/5,0.0,0.0,0.0,0.0,0.0,0.0,0,1.0
379.0,Говядина туш/морковь беби 75/50гр,0.0,0.0,0.0,0.0,0.0,0.0,0,1.0
380.0,Медальоны куриные Карри 100гр,0.0,0.0,0.0,0.0,0.0,0.0,0,1.0
381.0,Кур.филе гриль/без масла/шпинат 80/20гр,0.0,0.0,0.0,0.0,0.0,0.0,0,1.0
382.0,Кур.окорочка жар/с.майонез 125гр,0.0,0.0,0.0,0.0,0.0,0.0,0,1.0
383.0,С-т Столичный/кур/майонез 120гр,0.0,0.0,0.0,0.0,0.0,0.0,1,0.0
384.0,Кур.филе с болг.перцем 80/20гр,0.0,0.0,0.0,0.0,0.0,0.0,0,1.0
385.0,С-т Мимоза 120гр,0.0,0.0,0.0,0.0,0.0,0.0,1,0.0
386.0,Пилита из индейки 100/20гр,0.0,0.0,0.0,0.0,0.0,0.0,0,1.0
387.0,Киноа с морковью/кабачки/перец 150гр,0.0,1.0,0.0,0.0,0.0,0.0,0,0.0
388.0,Брокколи на пару/с.кокосовый 150гр,0.0,1.0,0.0,0.0,0.0,0.0,0,0.0
389.0,Борани из овощей 150гр,0.0,1.0,0.0,0.0,0.0,0.0,0,0.0
390.0,Фасоль стручк/овощи 150гр,1.0,0.0,0.0,0.0,0.0,0.0,0,0.0
391.0,Гаспачо холодный 250гр,1.0,0.0,0.0,0.0,0.0,0.0,0,0.0
392.0,Индейка/припущ.овощи/грибы 80/20гр,0.0,0.0,0.0,0.0,0.0,0.0,0,1.0
393.0,Оладьи из печени 100/20гр,0.0,0.0,0.0,0.0,0.0,0.0,0,1.0
394.0,С-т из моркови/кур.филе/яблоки 100гр,0.0,0.0,0.0,0.0,0.0,0.0,1,0.0
395.0,Чахохбили из кур 75/50гр,0.0,0.0,0.0,0.0,0.0,0.0,0,1.0
396.0,Гуляш по-испански/индейка 75/50гр,0.0,0.0,0.0,0.0,0.0,0.0,0,1.0
397.0,Чечевица с овощами/томатами 150гр,0.0,1.0,0.0,0.0,0.0,0.0,0,0.0
398.0,С-т из б/к/огурец 120гр,0.0,0.0,0.0,0.0,0.0,0.0,1,0.0
399.0,Щи из св.кап/треска/с.овощной 250гр,1.0,0.0,0.0,0.0,0.0,0.0,0,0.0
400.0,Детокс вода/огур/лимон/баз 200гр,0.0,0.0,1.0,0.0,0.0,0.0,0,0.0
401.0,Ананас дольки 1кг СБ,0.0,0.0,0.0,0.0,1.0,0.0,0,0.0
402.0,Кур.печень/сливки/чили 100/40гр,0.0,0.0,0.0,0.0,0.0,0.0,0,1.0
403.0,Картофель/ассорти из грибов 150гр,0.0,1.0,0.0,0.0,0.0,0.0,0,0.0
404.0,Картофель по-шведски/сыр 150 гр,0.0,1.0,0.0,0.0,0.0,0.0,0,0.0
405.0,Рис по-венгерски 150гр,0.0,1.0,0.0,0.0,0.0,0.0,0,0.0
406.0,С-т Панагюрский 120гр,0.0,0.0,0.0,0.0,0.0,0.0,1,0.0
407.0,С-т айсберг/ветчина/вял.томаты 120гр,0.0,0.0,0.0,0.0,0.0,0.0,1,0.0
408.0,Сациви из курицы 120гр,1.0,0.0,0.0,0.0,0.0,0.0,0,0.0
409.0,Картофель Юкатан 150гр,0.0,1.0,0.0,0.0,0.0,0.0,0,0.0
410.0,Уха с расстегаями 250гр,1.0,0.0,0.0,0.0,0.0,0.0,0,0.0
411.0,Рыба жар/лук порей 80/40гр,0.0,0.0,0.0,0.0,0.0,0.0,0,1.0
412.0,Щи из щавеля с кап б/к и курицей 250гр,1.0,0.0,0.0,0.0,0.0,0.0,0,0.0
413.0,С-т из краб.пал/огур/соус 120 гр,0.0,0.0,0.0,0.0,0.0,0.0,1,0.0
414.0,Окрошка сборная мясная/кефир 250гр,1.0,0.0,0.0,0.0,0.0,0.0,0,0.0
415.0,С-т Цезарь Шведский/бекон 120гр,0.0,0.0,0.0,0.0,0.0,0.0,1,0.0
416.0,Рыба по-ленинградски 80/20гр,0.0,0.0,0.0,0.0,0.0,0.0,0,1.0
417.0,С-т из помидор/базилик/масло 120гр,0.0,0.0,0.0,0.0,0.0,0.0,1,0.0
418.0,С-т из кальмар/огурцы/заправка 120гр,0.0,0.0,0.0,0.0,0.0,0.0,1,0.0
419.0,Бифштекс с помидором 100/20гр,0.0,0.0,0.0,0.0,0.0,0.0,0,1.0
420.0,Харчо из баранины 250гр,1.0,0.0,0.0,0.0,0.0,0.0,0,0.0
421.0,С-т с треской/микс/черри/заправка 120гр,0.0,0.0,0.0,0.0,0.0,0.0,1,0.0
422.0,Утиная ножка/медовая глазурь 125гр,0.0,0.0,0.0,0.0,0.0,0.0,0,1.0
423.0,Суп-пюре из кабачков/сельдерея 250гр,1.0,0.0,0.0,0.0,0.0,0.0,0,0.0
424.0,Компот из св.груш/без сахара 200гр,0.0,0.0,1.0,0.0,0.0,0.0,0,0.0
425.0,Рассольник по-старорусски/курица 250гр,1.0,0.0,0.0,0.0,0.0,0.0,0,0.0
426.0,Борщ Украинский/рулька/пампушки 250гр,1.0,0.0,0.0,0.0,0.0,0.0,0,0.0
427.0,Сельдь с печеной свеклой 120гр,0.0,0.0,0.0,0.0,0.0,0.0,0,1.0
428.0,Котлеты по-киевски 150гр,0.0,0.0,0.0,0.0,0.0,0.0,0,1.0
429.0,Лимонад вишневый 200гр,0.0,0.0,1.0,0.0,0.0,0.0,0,0.0
430.0,Свиная корейка с томат.сальсой 80/20гр,0.0,0.0,0.0,0.0,0.0,0.0,0,1.0
431.0,Гречка с жар.луком 150гр,0.0,1.0,0.0,0.0,0.0,0.0,0,0.0
432.0,Морковь/дайкон/огурец/масло 120гр,0.0,0.0,0.0,0.0,0.0,0.0,1,0.0
433.0,Карпаччо из помидор/хруст.баклажан 120гр,0.0,0.0,0.0,0.0,0.0,1.0,0,0.0
434.0,Окрошка с колбасой/квас 250гр,1.0,0.0,0.0,0.0,0.0,0.0,0,0.0
435.0,Борщ Сибирский/мясо 250гр,1.0,0.0,0.0,0.0,0.0,0.0,0,0.0
436.0,Рыба жар/яйцо/кунжут/с.терияки 120/20/10,0.0,0.0,0.0,0.0,0.0,0.0,0,1.0
437.0,Лимонад грушевый 200гр,0.0,0.0,1.0,0.0,0.0,0.0,0,0.0
438.0,Пирог Осетинский/картоф/щавель 1кусок,0.0,1.0,0.0,1.0,0.0,0.0,0,0.0
439.0,Свиная отбивная/с.барбекю 80/15гр,0.0,0.0,0.0,0.0,0.0,0.0,0,1.0
440.0,Борщ Кубанский/овощной 250гр,1.0,0.0,0.0,0.0,0.0,0.0,0,0.0
441.0,Детокс вода/клубника 200гр,0.0,0.0,1.0,0.0,0.0,0.0,0,0.0
442.0,Суп Брамборочка 250гр,1.0,0.0,0.0,0.0,0.0,0.0,0,0.0
443.0,Рассольник рыбный/булгур 250гр,1.0,0.0,0.0,0.0,0.0,0.0,0,0.0
444.0,С-т из кур/грибы/корнишоны 120гр,0.0,0.0,0.0,0.0,0.0,0.0,1,0.0
445.0,Свекла/курага/майонез 120гр,0.0,0.0,0.0,0.0,0.0,0.0,1,0.0
446.0,С-т из б/к/огур/редис/масло 120гр,0.0,0.0,0.0,0.0,0.0,0.0,1,0.0
447.0,С-т Весна/сметана 120гр,0.0,0.0,0.0,0.0,0.0,0.0,1,0.0
448.0,Сельдь по-деревенски 120гр,0.0,0.0,0.0,0.0,0.0,0.0,0,1.0
449.0,Рыба по-днепровски 80/20гр,0.0,0.0,0.0,0.0,0.0,0.0,0,1.0
450.0,С-т из б/к/свекла 120гр,0.0,0.0,0.0,0.0,0.0,0.0,1,0.0
451.0,Кабачки жареные 150гр,0.0,1.0,0.0,0.0,0.0,0.0,0,0.0
452.0,С-т Оливье/креветки/заправка 120гр,0.0,0.0,0.0,0.0,0.0,0.0,1,0.0
453.0,Картофель с укропом 150гр,0.0,1.0,0.0,0.0,0.0,0.0,0,0.0
454.0,Макароны с базиликом 150гр,0.0,1.0,0.0,0.0,0.0,0.0,0,0.0
455.0,Суп-шурпа/узбекский горох 250гр,1.0,0.0,0.0,0.0,0.0,0.0,0,0.0
456.0,Люля-кебаб из баранины 100/20гр,0.0,0.0,0.0,0.0,0.0,0.0,0,1.0
457.0,С-т Посейдон/майонез 120гр,0.0,0.0,0.0,0.0,0.0,0.0,1,0.0
458.0,С-т из помидор/брынзы/масла 120гр,0.0,0.0,0.0,0.0,0.0,0.0,1,0.0
459.0,Картофель с кунжутом 150гр,0.0,1.0,0.0,0.0,0.0,0.0,0,0.0
460.0,Окрошка овощная/кефир 250гр,1.0,0.0,0.0,0.0,0.0,0.0,0,0.0
461.0,Биточки по-селянски 100/40гр,0.0,0.0,0.0,0.0,0.0,0.0,0,1.0
462.0,С-т с копч.сыром/кур/с.йогуртовый 120гр,0.0,0.0,0.0,0.0,0.0,0.0,1,0.0
463.0,С-т микс/кр.чечев/лук/томаты/зап 120 гр,0.0,0.0,0.0,0.0,0.0,0.0,1,0.0
464.0,Напиток Яблоневый сад/без сахара 200гр,0.0,0.0,1.0,0.0,0.0,0.0,0,0.0
465.0,Свинина/с.чимичурри 80/20гр,0.0,0.0,0.0,0.0,0.0,0.0,0,1.0
466.0,С-т из кур/черри/кукуруза/майонез 120гр,0.0,0.0,0.0,0.0,0.0,0.0,1,0.0
467.0,Суп-лапша яичная/утка 250гр,1.0,0.0,0.0,0.0,0.0,0.0,0,0.0
468.0,Шницель рыбный/помидор/сыр 100/20гр,0.0,0.0,0.0,0.0,0.0,0.0,0,1.0
469.0,Суп итальянский/кур 250гр,1.0,0.0,0.0,0.0,0.0,0.0,0,0.0
470.0,Индейка запеченная в зелени 80гр,0.0,0.0,0.0,0.0,0.0,0.0,0,1.0
471.0,Морковь/с.земляничный 120гр,0.0,0.0,0.0,0.0,0.0,0.0,1,0.0
472.0,Лимонад клубнично-имбирный 200гр,0.0,0.0,1.0,0.0,0.0,0.0,0,0.0
473.0,Кур.филе припущен/сельдереем 80/20гр,0.0,0.0,0.0,0.0,0.0,0.0,0,1.0
474.0,Лимонад розовый 200гр,0.0,0.0,1.0,0.0,0.0,0.0,0,0.0
475.0,Говядина туш.бобами/овощи 75/50 гр,0.0,0.0,0.0,0.0,0.0,0.0,0,1.0
476.0,Говядина по-шанхайски 75/50гр,0.0,0.0,0.0,0.0,0.0,0.0,0,1.0
477.0,Картофель с карри 150гр,0.0,1.0,0.0,0.0,0.0,0.0,0,0.0
478.0,Рыба жар/баклажан 80/40гр,0.0,0.0,0.0,0.0,0.0,0.0,0,1.0
479.0,Котлеты Пожарские 100гр,0.0,0.0,0.0,0.0,0.0,0.0,0,1.0
480.0,Суп Абхазский/говядина 250гр,1.0,0.0,0.0,0.0,0.0,0.0,0,0.0
481.0,Картофель Пушкин 150гр,0.0,1.0,0.0,0.0,0.0,0.0,0,0.0
482.0,Рис по-македонски 150гр,0.0,1.0,0.0,0.0,0.0,0.0,0,0.0
483.0,Говядина туш/грибы 75/50гр,0.0,0.0,0.0,0.0,0.0,0.0,0,1.0
484.0,Окрошка овощная/квас 250гр,1.0,0.0,0.0,0.0,0.0,0.0,0,0.0
485.0,Жульен овощной/м.кунжутное 120гр,0.0,1.0,0.0,0.0,0.0,0.0,0,0.0
486.0,Капуста по-восточному 120гр,0.0,1.0,0.0,0.0,0.0,0.0,0,0.0
487.0,Компот из св.груш/ягоды с/м/б.сах 200гр,0.0,0.0,1.0,0.0,0.0,0.0,0,0.0
488.0,С-т овощной/с.киви 120гр,0.0,0.0,0.0,0.0,0.0,0.0,1,0.0
489.0,Свинина под с.Инкассе 80/20гр,0.0,0.0,0.0,0.0,0.0,0.0,0,1.0
490.0,Котлета мясная/с.луковый 100/40 гр,0.0,0.0,0.0,0.0,0.0,0.0,0,1.0
491.0,Свинина/цуккини/сыр 80/20гр,0.0,0.0,0.0,0.0,0.0,0.0,0,1.0
492.0,С-т Летние овощи/масло 120гр,0.0,0.0,0.0,0.0,0.0,0.0,1,0.0
493.0,С-т с семечками/масло 120гр,0.0,0.0,0.0,0.0,0.0,0.0,1,0.0
494.0,Суп из чечевицы/перца 250гр,1.0,0.0,0.0,0.0,0.0,0.0,0,0.0
495.0,Овощи печеные 200гр,0.0,1.0,0.0,0.0,0.0,0.0,0,0.0
496.0,Свинина жаренная с ананасом 80/50гр,0.0,0.0,0.0,0.0,0.0,0.0,0,1.0
497.0,Сельдь с картофелем 120гр,0.0,0.0,0.0,0.0,0.0,0.0,0,1.0
498.0,Говядина туш/сливки/травы 75/50гр,0.0,0.0,0.0,0.0,0.0,0.0,0,1.0
499.0,С-т Аччик/масло 120гр,0.0,0.0,0.0,0.0,0.0,0.0,1,0.0
500.0,Говядина шпигованная 100гр,0.0,0.0,0.0,0.0,0.0,0.0,0,1.0
501.0,Тар-тар из сельди/з.лимонная 120гр,0.0,0.0,0.0,0.0,0.0,1.0,0,0.0
502.0,Юшка с кабачками 250гр,1.0,0.0,0.0,0.0,0.0,0.0,0,0.0
503.0,Свекольник холодный 250гр,1.0,0.0,0.0,0.0,0.0,0.0,0,0.0
504.0,С-т китайский/свинина 120гр,0.0,0.0,0.0,0.0,0.0,0.0,1,0.0
505.0,Спагетти по-румынски 150гр,0.0,1.0,0.0,0.0,0.0,0.0,0,0.0
506.0,Тефтели в томатном соусе 100/40гр,0.0,0.0,0.0,0.0,0.0,0.0,0,1.0
507.0,Капуста с кумином 150гр,0.0,1.0,0.0,0.0,0.0,0.0,0,0.0
508.0,С-т с тунцом/фасоль/айсберг/гр 120гр,0.0,0.0,0.0,0.0,0.0,0.0,1,0.0
509.0,Котлета куриная/по-суздальски 100гр,0.0,0.0,0.0,0.0,0.0,0.0,0,1.0
510.0,С-т Оливье/три вида мяса/майонез 120гр,0.0,0.0,0.0,0.0,0.0,0.0,1,0.0
511.0,С-т из кальмар/айсберг/яйцо/том/за 120гр,0.0,0.0,0.0,0.0,0.0,0.0,1,0.0
512.0,С-т Кремлевский/креветки/запр 120гр,0.0,0.0,0.0,0.0,0.0,0.0,1,0.0
513.0,Чили кон карне/говядина 75/50гр,0.0,0.0,0.0,0.0,0.0,0.0,0,1.0
514.0,Рулет из курицы/чернослив 120гр,0.0,0.0,0.0,0.0,0.0,0.0,0,1.0
515.0,Лаваш с мясом/с.сальса 200гр,0.0,1.0,0.0,0.0,0.0,0.0,0,1.0
516.0,Свинина с овощным рататуем 80/40гр,0.0,0.0,0.0,0.0,0.0,0.0,0,1.0
517.0,Винегрет с сельдью 120гр,0.0,0.0,0.0,0.0,0.0,0.0,1,0.0
518.0,Борщ холодный 250гр,1.0,0.0,0.0,0.0,0.0,0.0,0,0.0
519.0,С-т из кальмар/краб.пал/майонез 120гр,0.0,0.0,0.0,0.0,0.0,0.0,1,0.0
520.0,Фрикадельки по-итальянски 100/40гр,0.0,0.0,0.0,0.0,0.0,0.0,0,1.0
521.0,Кета с дольками апельсина/лайма 80/20гр,0.0,0.0,0.0,0.0,0.0,0.0,0,1.0
522.0,Помидоры по-грузински/рыба 120гр,0.0,1.0,0.0,0.0,0.0,0.0,0,1.0
523.0,С-т из рисовой лапши/овощи/заправк 120гр,0.0,0.0,0.0,0.0,0.0,0.0,1,0.0
524.0,С-т из говяд/ростки сои/заправка 120гр,0.0,0.0,0.0,0.0,0.0,0.0,1,0.0
525.0,С-т из к/к с редисом 120 гр,0.0,0.0,0.0,0.0,0.0,0.0,1,0.0
526.0,Зразы рыбные/луком/яйцо 100гр,0.0,0.0,0.0,0.0,0.0,0.0,0,1.0
527.0,Рагу летнее/овощи 200гр,0.0,1.0,0.0,0.0,0.0,0.0,0,0.0
528.0,Жаркое из свинины/грибы 200гр,0.0,1.0,0.0,0.0,0.0,0.0,0,1.0
529.0,С-т с уткой/с.из брусники 120гр,0.0,0.0,0.0,0.0,0.0,0.0,1,0.0
530.0,Жаркое по-домашнему/курица 200гр,0.0,1.0,0.0,0.0,0.0,0.0,0,1.0
531.0,Морковь/груша 120гр,0.0,0.0,0.0,0.0,1.0,0.0,1,0.0
532.0,С-т из редиса/з.из брынзы 120гр,0.0,0.0,0.0,0.0,0.0,0.0,1,0.0
533.0,Щи Луговые/щавелевые/яйцо 250гр,1.0,0.0,0.0,0.0,0.0,0.0,0,0.0
534.0,Плов из баранины 200гр,0.0,1.0,0.0,0.0,0.0,0.0,0,1.0
535.0,Суп картофельный/сл.перец 250гр,1.0,0.0,0.0,0.0,0.0,0.0,0,0.0
536.0,Свекла/сельдь/с.крем-чиз 120гр,0.0,0.0,0.0,0.0,0.0,0.0,1,0.0
537.0,Суп фасолевый/кур/петрушка 250гр,1.0,0.0,0.0,0.0,0.0,0.0,0,0.0
538.0,Суп огуречный/йогурт/базилик 250гр,1.0,0.0,0.0,0.0,0.0,0.0,0,0.0
539.0,Суп холодный на кефире 250гр,1.0,0.0,0.0,0.0,0.0,0.0,0,0.0
540.0,С-т из говяд/цуккини/майонез 120гр,0.0,0.0,0.0,0.0,0.0,0.0,1,0.0
541.0,С-т из кальмар/айсберг/с.цезарь 120гр,0.0,0.0,0.0,0.0,0.0,0.0,1,0.0
542.0,С-т из щавеля/карт.черри/огур/яйцо 120гр,0.0,0.0,0.0,0.0,0.0,0.0,1,0.0
543.0,Капуста по-болгарски 120гр,0.0,0.0,0.0,0.0,0.0,0.0,1,0.0
544.0,Капуста тушеная 150гр,0.0,1.0,0.0,0.0,0.0,0.0,0,0.0
545.0,Жаркое из индейки/булгур 200гр,0.0,1.0,0.0,0.0,0.0,0.0,0,1.0
546.0,Шашлык из кур/медово-горчичный мар 100гр,0.0,0.0,0.0,0.0,0.0,0.0,0,1.0
547.0,Щи зеленые/мясо/холодные 250гр,1.0,0.0,0.0,0.0,0.0,0.0,0,0.0
548.0,Морковь/курага 120гр,0.0,0.0,0.0,0.0,1.0,0.0,1,0.0
549.0,Пилаф из трех круп 150гр,0.0,1.0,0.0,0.0,0.0,0.0,0,0.0
550.0,Рулет куриный/фрукты/сыр 100гр,0.0,0.0,0.0,0.0,0.0,0.0,0,1.0
551.0,С-т айсберг/огурец/масло 120гр,0.0,0.0,0.0,0.0,0.0,0.0,1,0.0
552.0,Грибы марин/лук/ароматное масло 120гр,0.0,0.0,0.0,0.0,0.0,1.0,0,0.0
553.0,Рыба в листьях пекинской капусты 140гр,0.0,0.0,0.0,0.0,0.0,0.0,0,1.0
554.0,Говядина туш/квас 80/20гр,0.0,0.0,0.0,0.0,0.0,0.0,0,1.0
555.0,Ватрушка картофельная/фета/порей/ти200гр,0.0,1.0,0.0,1.0,0.0,0.0,0,0.0
556.0,Рыба жар/розмарина/лайм 80/20гр,0.0,0.0,0.0,0.0,0.0,0.0,0,1.0
557.0,Шашлык из свинины 80гр,0.0,0.0,0.0,0.0,0.0,0.0,0,1.0
558.0,Огурцы малосольные 120гр,0.0,0.0,0.0,0.0,0.0,1.0,0,0.0
559.0,Котлета мясная на пару/с.из перца 100/20,0.0,0.0,0.0,0.0,0.0,0.0,0,1.0
560.0,Рыба по-провански 80/30гр,0.0,0.0,0.0,0.0,0.0,0.0,0,1.0
561.0,Говядина с цуккини/баклаж/с.тайск75/50г,0.0,0.0,0.0,0.0,0.0,0.0,0,1.0
562.0,Кнели мясные паровые 100гр,0.0,0.0,0.0,0.0,0.0,0.0,0,1.0
563.0,Суп по-испански/овощи 250гр,1.0,0.0,0.0,0.0,0.0,0.0,0,0.0
564.0,Жаркое по-домашнему/свинина 200гр,0.0,1.0,0.0,0.0,0.0,0.0,0,1.0
565.0,Свекла/с.зеленый 120 гр,0.0,0.0,0.0,0.0,0.0,0.0,1,0.0
566.0,Бананы очищенные 1кг СБ,0.0,0.0,0.0,0.0,1.0,0.0,0,0.0
567.0,Суп-пюре из кабачков 250гр,1.0,0.0,0.0,0.0,0.0,0.0,0,0.0
568.0,Свинина/помидор/сыр 80/20гр,0.0,0.0,0.0,0.0,0.0,0.0,0,1.0
569.0,Кабачки фарш/мясо/рис 200/40гр,0.0,1.0,0.0,0.0,0.0,0.0,0,1.0
570.0,Компот из ананасов/ягод/без сахара 200гр,0.0,0.0,1.0,0.0,0.0,0.0,0,0.0
571.0,Оладьи из печени/сметана 100/20гр,0.0,0.0,0.0,0.0,0.0,0.0,0,1.0
572.0,Рог Изобилия 150гр,0.0,0.0,0.0,0.0,0.0,0.0,1,0.0
573.0,Икра из кабачков 120гр,0.0,0.0,0.0,0.0,0.0,1.0,0,0.0
574.0,Свекла/чернослив/майонез 120гр,0.0,0.0,0.0,0.0,0.0,0.0,1,0.0
575.0,Шарики из ризотто/грибы/фета 120 гр,0.0,1.0,0.0,0.0,0.0,0.0,0,0.0